unix,a,b,c,v,p,t,l,h,o
1608955136.690891,24884.80000,24884.70000,24884.80000,1190.92768222,24839.70620,6839,24500.00000,25068.90000,2
1608955161.064578,24894.20000,24894.10000,24894.10000,1193.48082234,24839.78613,6854,24500.00000,25068.90000,2
