unix,a,b,c,v,p,t,l,h,o
1609121468.341277,702.12000,702.11000,702.11000,27329.14842604,706.78605,6432,680.39000,717.24000,6
1609121478.551559,701.85000,701.84000,702.11000,27380.87482604,706.77721,6434,680.39000,717.24000,6
1609121488.767691,701.85000,701.84000,702.11000,27380.87482604,706.77721,6434,680.39000,717.24000,6
1609121500.5012,700.67000,700.49000,700.49000,27549.91362406,706.74113,6468,680.39000,717.24000,6
1609121626.264628,701.41000,701.13000,701.41000,28249.13481987,706.59618,6613,680.39000,717.24000,6
1609121651.1949708,700.53000,700.28000,699.94000,28332.68686838,706.57759,6632,680.39000,717.24000,6
1609121684.275585,701.69000,701.68000,701.68000,28341.96110348,706.57587,6648,680.39000,717.24000,6
1609121694.869819,701.52000,701.04000,701.02000,28440.68461313,706.55688,6664,680.39000,717.24000,6
