unix,a,b,c,v,p,t,l,h,o
1609097158.408106,0.29440000,0.29427000,0.29443000,91204179.90463032,0.29082778,20671,0.26561000,0.31138000,0
1609097169.458347,0.29392000,0.29390000,0.29394000,91207400.03638799,0.29082789,20675,0.26561000,0.31138000,0
